<?xml version="1.0" encoding="UTF-8" ?>
<!DOCTYPE mapper PUBLIC "-//mybatis.org//DTD Mapper 3.0//EN"
        "http://mybatis.org/dtd/mybatis-3-mapper.dtd" >
<mapper namespace="weilin.com.mapper.PlantingRecordMapper">
    <select id="list" resultType="weilin.com.pojo.PlantingRecord">
        select
            record.record_id,
            product.name as productName,
            f.name as farmName,
            record.planting_date,
            record.harvest_date,
            record.pesticide_used,
            record.planting_method,
            record.create_time,
            record.update_time
        from
            planting_record record
        join
            farm f on  f.farm_id=record.farm_id
        join
            product on product.product_id=record.product_id
        <where>
            <if test="farmId != null">
                and record.farm_id= #{farmId}
            </if>
            <if test="productId != null">
                and record.product_id= #{productId}
            </if>
        </where>

    </select>
</mapper>
