<?xml version="1.0" encoding="UTF-8" ?>
<!DOCTYPE mapper PUBLIC "-//mybatis.org//DTD Mapper 3.0//EN"
        "http://mybatis.org/dtd/mybatis-3-mapper.dtd" >
<mapper namespace="weilin.com.mapper.ProductMapper">
    <select id="list" resultType="weilin.com.pojo.Product">
        SELECT
        p.product_id,
        p.name,
        p.description,
        p.shelf_life,
        f.name AS farmName,
        c.category_name,
        p.create_time,
        p.update_time
        FROM
        product p
        JOIN
        farm f ON p.farm_id = f.farm_id
        JOIN
        product_category c ON p.category_id = c.category_id
        <where>
            <if test="farmId != null">
                AND p.farm_id = #{farmId}
            </if>
            <if test="categoryId != null">
                AND p.category_id = #{categoryId}
            </if>
        </where>
    </select>
</mapper>
